City_ID,City,Country,Lat,Lng,Max Temp,Humidity,Cloudiness,Wind Speed,Current Description
0,Nichinan,JP,31.6,131.3667,51.48,64,88,7.56,overcast clouds
1,Arraial Do Cabo,BR,-22.9661,-42.0278,71.24,84,100,6.53,overcast clouds
2,Busselton,AU,-33.65,115.3333,79.25,41,1,10.6,clear sky
3,Makat,KZ,47.6469,53.3463,27.3,81,53,15.14,broken clouds
4,Ushuaia,AR,-54.8,-68.3,49.66,62,40,10.36,scattered clouds
5,Chokurdakh,RU,70.6333,147.9167,-41.73,99,90,6.46,overcast clouds
6,Richards Bay,ZA,-28.783,32.0377,74.97,70,0,5.35,clear sky
7,Hobart,AU,-42.8794,147.3294,77.27,46,75,13.8,broken clouds
8,Ust-Karsk,RU,52.7011,118.8077,11.25,76,99,2.59,overcast clouds
9,Gravdal,NO,68.1214,13.5031,33.69,86,75,14.97,light snow
10,Berdigestyakh,RU,62.0989,126.6992,-14.96,92,97,1.1,overcast clouds
11,Kapaa,US,22.0752,-159.319,73.72,80,40,6.91,scattered clouds
12,Soyo,AO,-6.1349,12.3689,75.25,84,92,6.08,overcast clouds
13,Esperance,AU,-33.8667,121.9,78.64,66,9,15.14,clear sky
14,Jamestown,US,42.097,-79.2353,27.72,47,0,9.22,clear sky
15,Beringovskiy,RU,63.05,179.3167,-17.88,86,2,14.58,clear sky
16,Bredy,RU,52.4153,60.3411,8.85,96,97,3.42,overcast clouds
17,Rabaul,PG,-4.1967,152.1721,84.07,71,53,11.83,broken clouds
18,Roberval,CA,48.5168,-72.2324,23.45,100,100,5.75,mist
19,Margate,GB,51.3813,1.3862,48.96,85,100,5.01,overcast clouds
20,Victoria,HK,22.2855,114.1577,68.18,85,96,4.0,overcast clouds
21,Mataura,NZ,-46.1927,168.8643,64.47,86,100,3.4,light rain
22,Maniitsoq,GL,65.4167,-52.9,6.46,96,100,19.39,snow
23,Bengkulu,ID,-3.8004,102.2655,84.38,66,92,10.92,overcast clouds
24,Dunedin,NZ,-45.8742,170.5036,58.8,92,100,7.0,moderate rain
25,Dig,IN,27.4667,77.3333,65.25,71,92,10.18,overcast clouds
26,Falmouth,GB,50.1544,-5.0711,50.58,93,75,9.22,broken clouds
27,Portland,US,45.5234,-122.6762,47.7,91,75,3.0,broken clouds
28,Fara In Sabina,IT,42.2089,12.7292,42.57,61,0,1.01,clear sky
29,Payson,US,40.0444,-111.7321,38.41,63,0,1.99,clear sky
30,Bandarbeyla,SO,9.4942,50.8122,77.83,61,33,18.41,scattered clouds
31,Hilo,US,19.7297,-155.09,69.53,92,100,8.05,light rain
32,Atuona,PF,-9.8,-139.0333,78.57,73,10,17.2,clear sky
33,Ribeira Grande,PT,38.5167,-28.7,59.95,73,58,8.88,broken clouds
34,Batamshinskiy,KZ,50.5594,58.2747,8.58,97,95,5.73,overcast clouds
35,Geraldton,AU,-28.7667,114.6,82.81,51,0,21.85,clear sky
36,Ponta Do Sol,PT,32.6667,-17.1,68.63,62,79,9.86,broken clouds
37,Muncar,ID,-8.4333,114.3333,85.86,69,90,3.94,overcast clouds
38,Kavieng,PG,-2.5744,150.7967,84.2,73,99,7.18,overcast clouds
39,Nanortalik,GL,60.1432,-45.2371,12.58,54,17,14.23,few clouds
40,Punta Arenas,CL,-53.15,-70.9167,51.91,66,75,19.57,broken clouds
41,Vaini,TO,-21.2,-175.2,82.56,94,40,9.22,scattered clouds
42,Hohhot,CN,40.8106,111.6522,23.29,68,20,4.47,mist
43,Amahai,ID,-3.3333,128.9167,86.04,66,92,3.31,overcast clouds
44,Butaritari,KI,3.0707,172.7902,81.93,78,72,17.81,light rain
45,Cabo San Lucas,MX,22.8909,-109.9124,67.51,65,3,1.01,clear sky
46,Dauphin,CA,51.1494,-100.0502,28.54,74,100,12.66,overcast clouds
47,New Norfolk,AU,-42.7826,147.0587,75.9,30,76,1.99,light rain
48,Honiara,SB,-9.4333,159.95,80.98,84,93,9.01,overcast clouds
49,Port Alfred,ZA,-33.5906,26.891,72.45,68,50,14.18,scattered clouds
50,Asau,RO,46.4333,26.4,33.28,86,87,6.87,overcast clouds
51,Tuktoyaktuk,CA,69.4541,-133.0374,-41.8,66,0,6.91,mist
52,Tumaco,CO,1.7986,-78.8156,74.79,90,100,3.51,light rain
53,Saurimo,AO,-9.6608,20.3916,65.59,87,98,2.89,overcast clouds
54,Livny,RU,52.4253,37.6069,21.24,95,100,5.57,overcast clouds
55,Ende,ID,-8.8432,121.6623,84.34,77,84,2.59,moderate rain
56,Sabha,LY,27.0377,14.4283,46.63,88,1,12.53,clear sky
57,Sola,VU,-13.8833,167.55,81.19,80,100,29.68,light rain
58,Tura,IN,25.5198,90.2201,70.16,40,5,3.98,clear sky
59,Bluff,NZ,-46.6,168.3333,64.8,84,100,8.23,moderate rain
60,Fortuna,US,40.5982,-124.1573,45.52,100,0,8.05,clear sky
61,Provideniya,RU,64.3833,-173.3,-3.89,59,71,11.18,broken clouds
62,Hermanus,ZA,-34.4187,19.2345,66.79,81,2,10.22,clear sky
63,Kananga,CD,-5.8958,22.4178,69.94,91,98,0.87,overcast clouds
64,Cherskiy,RU,68.75,161.3,-41.22,100,74,3.33,broken clouds
65,Ilulissat,GL,69.2167,-51.1,-3.98,59,90,27.63,overcast clouds
66,Irpa Irpa,BO,-17.7167,-66.2667,64.4,74,94,3.8,moderate rain
67,Norman Wells,CA,65.282,-126.8329,-21.96,69,100,4.61,light snow
68,Naze,JP,28.3667,129.4833,61.72,67,96,7.94,overcast clouds
69,Amga,RU,60.8953,131.9608,-6.36,90,99,2.98,overcast clouds
70,Marienburg,PL,54.0359,19.0266,40.12,78,42,11.41,scattered clouds
71,Flinders,AU,-34.5833,150.8552,89.8,63,26,9.48,scattered clouds
72,Boralday,KZ,43.3578,76.8594,30.06,86,100,2.24,mist
73,Clyde River,CA,70.4692,-68.5914,-28.97,68,20,16.11,haze
74,Sao Filipe,CV,14.8961,-24.4956,72.16,70,0,6.69,clear sky
75,Buchanan,LR,5.8808,-10.0467,76.96,86,21,2.33,few clouds
76,Sokolo,ML,14.7328,-6.1219,66.11,12,0,10.11,clear sky
77,Caianu Mic,RO,47.2333,24.15,32.36,96,99,0.27,light snow
78,Hornepayne,CA,49.2138,-84.7705,24.42,90,100,9.13,overcast clouds
79,Yellowknife,CA,62.456,-114.3525,-18.58,82,75,3.44,broken clouds
80,Iralaya,HN,15.0,-83.2333,74.71,80,8,8.57,clear sky
81,Hithadhoo,MV,-0.6,73.0833,83.28,66,85,15.14,overcast clouds
82,Sale,MA,34.0389,-6.8166,53.62,100,0,3.44,clear sky
83,Sanchez,DO,19.2281,-69.6137,69.96,93,23,4.41,few clouds
84,Port Blair,IN,11.6667,92.75,84.24,70,20,11.5,few clouds
85,Avarua,CK,-21.2078,-159.775,77.05,88,100,6.91,light rain
86,Leningradskiy,RU,69.3833,178.4167,-27.29,88,16,7.81,few clouds
87,Talnakh,RU,69.4865,88.3972,-0.8,93,100,12.03,overcast clouds
88,Ancud,CL,-41.8697,-73.8203,49.53,78,7,3.11,clear sky
89,Sarangani,PH,5.4033,125.4636,81.66,76,79,23.94,moderate rain
90,Bredasdorp,ZA,-34.5322,20.0403,66.27,82,2,3.44,clear sky
91,Mbaiki,CF,3.8678,17.9892,69.13,34,83,2.64,broken clouds
92,Chuy,UY,-33.6971,-53.4616,61.99,75,19,3.98,few clouds
93,Puerto Wilches,CO,7.3483,-73.896,72.52,99,77,1.14,broken clouds
94,Cape Town,ZA,-33.9258,18.4232,67.26,89,40,4.61,scattered clouds
95,Mahebourg,MU,-20.4081,57.7,83.25,69,40,9.22,scattered clouds
96,Rikitea,PF,-23.1203,-134.9692,78.87,71,93,14.9,overcast clouds
97,Barrow,US,71.2906,-156.7887,-29.18,100,0,10.36,clear sky
98,Peru,US,40.7537,-86.0689,40.78,71,40,17.27,scattered clouds
99,Poopo,BO,-18.3667,-66.9667,43.59,79,45,5.61,scattered clouds
100,Albany,US,42.6001,-73.9662,27.18,68,15,4.0,few clouds
101,Codrington,AU,-38.2667,141.9667,71.4,56,37,19.17,scattered clouds
102,Zyryanka,RU,65.75,150.85,-35.55,98,89,3.04,overcast clouds
103,Mount Isa,AU,-20.7333,139.5,94.77,28,8,5.75,clear sky
104,Saskylakh,RU,71.9167,114.0833,4.41,89,98,14.16,overcast clouds
105,Sinnamary,GF,5.3833,-52.95,76.55,85,56,5.7,broken clouds
106,Nizhniy Odes,RU,63.6445,54.856,7.57,93,87,10.11,overcast clouds
107,Manaus,BR,-3.1019,-60.025,75.69,94,0,2.3,clear sky
108,Talas,TR,38.6908,35.5538,47.07,43,75,10.36,broken clouds
109,Namibe,AO,-15.1961,12.1522,72.25,86,97,6.6,overcast clouds
110,Longyearbyen,SJ,78.2186,15.6401,4.84,85,75,11.5,broken clouds
111,Coahuayana,MX,18.7333,-103.6833,67.32,90,0,3.91,clear sky
112,Tiarei,PF,-17.5333,-149.3333,84.0,78,95,20.04,light rain
113,Torbay,CA,47.6666,-52.7314,34.75,94,100,26.46,light snow
114,Adrar,MR,20.5022,-10.0711,62.1,13,100,11.16,overcast clouds
115,Estelle,US,29.8458,-90.1067,48.18,72,0,2.84,clear sky
116,Alofi,NU,-19.0595,-169.9187,75.09,94,100,8.05,overcast clouds
117,Hit,IQ,33.6416,42.8251,56.12,46,27,11.21,scattered clouds
118,Promyshlennaya,RU,54.9159,85.6385,3.56,86,16,10.36,few clouds
119,Sindor,RU,62.8629,51.8905,7.63,94,100,9.64,overcast clouds
120,Carnarvon,AU,-24.8667,113.6333,84.27,61,0,19.57,clear sky
121,Port Elizabeth,ZA,-33.918,25.5701,66.49,88,75,11.5,broken clouds
122,Puerto Ayora,EC,-0.7393,-90.3518,71.98,87,22,3.67,few clouds
123,Keti Bandar,PK,24.1447,67.4497,74.68,47,0,7.76,clear sky
124,Igrim,RU,63.1906,64.4162,1.78,96,49,6.26,scattered clouds
125,Valdivia,CL,-39.8142,-73.2459,55.49,78,1,2.93,clear sky
126,Ixtapa,MX,20.7,-105.2,67.23,87,0,1.01,clear sky
127,Phuket,TH,8.0,98.25,88.02,66,40,9.22,scattered clouds
128,Sitka,US,57.0531,-135.33,42.69,87,100,9.22,overcast clouds
129,Belyy Yar,RU,53.6039,91.3903,1.29,78,0,6.71,clear sky
130,Ferrol,ES,43.4832,-8.2369,50.72,72,0,7.18,clear sky
131,Baikunthpur,IN,23.25,82.55,72.36,26,64,6.26,broken clouds
132,Hastings,GB,50.8552,0.5729,49.78,88,100,17.74,overcast clouds
133,Puerto Escondido,MX,15.85,-97.0667,74.17,80,8,5.06,clear sky
134,Port Hedland,AU,-20.3167,118.5667,89.65,66,40,13.8,scattered clouds
135,Souillac,MU,-20.5167,57.5167,83.35,69,40,9.22,scattered clouds
136,Coari,BR,-4.085,-63.1414,72.72,99,100,2.93,light rain
137,Lawrenceburg,US,38.0373,-84.8966,43.3,57,0,1.99,clear sky
138,Umm Kaddadah,SD,13.6017,26.6876,63.39,19,3,13.24,clear sky
139,Georgetown,MY,5.4112,100.3354,89.53,74,40,5.99,scattered clouds
140,Meulaboh,ID,4.1363,96.1285,77.29,88,95,7.25,overcast clouds
141,Hasaki,JP,35.7333,140.8333,48.6,54,77,12.15,broken clouds
142,Kloulklubed,PW,7.0419,134.2556,84.7,81,100,15.79,overcast clouds
143,Camacha,PT,33.0833,-16.3333,66.96,82,20,11.5,few clouds
144,Moroto,UG,2.5345,34.6666,74.88,32,75,10.29,broken clouds
145,Faanui,PF,-16.4833,-151.75,81.07,77,28,15.97,scattered clouds
146,Mar Del Plata,AR,-38.0023,-57.5575,63.09,87,0,8.01,clear sky
147,Celestun,MX,20.8667,-90.4,70.38,71,100,13.33,overcast clouds
148,Vestmannaeyjar,IS,63.4427,-20.2734,32.97,75,69,13.91,light snow
149,Concordia,AR,-31.393,-58.0209,63.79,75,0,7.54,clear sky
150,Upernavik,GL,72.7868,-56.1549,-17.25,81,49,7.72,scattered clouds
151,Katsuura,JP,35.1333,140.3,50.02,58,81,13.02,broken clouds
152,Yaring,TH,6.8662,101.3689,84.24,65,78,14.5,broken clouds
153,Cidreira,BR,-30.1811,-50.2056,67.93,77,7,1.5,clear sky
154,Dikson,RU,73.5069,80.5464,0.0,94,100,22.79,overcast clouds
155,Port Lincoln,AU,-34.7333,135.8667,70.18,58,55,15.01,broken clouds
156,Longhua,CN,23.6137,114.1919,61.81,72,92,3.96,overcast clouds
157,Zwedru,LR,6.0667,-8.1281,69.39,99,30,0.38,scattered clouds
158,Los Algarrobos,PA,8.5,-82.4333,71.02,75,26,4.76,scattered clouds
159,Port Hardy,CA,50.6996,-127.4199,48.76,93,100,0.0,light rain
160,Lompoc,US,34.6391,-120.4579,62.44,87,0,4.61,clear sky
161,Zverinogolovskoye,RU,54.4586,64.8542,18.43,88,90,11.5,overcast clouds
162,Sao Joao Da Barra,BR,-21.6403,-41.0511,70.16,96,100,16.26,light rain
163,Rokytne,UA,51.2796,27.214,34.02,83,91,12.41,overcast clouds
164,Acapulco,MX,16.8634,-99.8901,75.02,83,0,4.61,clear sky
165,Taoudenni,ML,22.6783,-3.9836,61.54,18,0,12.06,clear sky
166,Boguchany,RU,58.3814,97.4531,-6.43,87,55,4.12,broken clouds
167,Edd,ER,13.9297,41.6925,82.67,50,10,15.14,clear sky
168,Saint-Philippe,RE,-21.3585,55.7679,83.79,81,96,8.7,overcast clouds
169,Tsiroanomandidy,MG,-18.7667,46.0333,76.03,78,89,2.28,overcast clouds
170,San Quintin,MX,30.4833,-115.95,59.81,47,35,1.86,scattered clouds
171,Bubaque,GW,11.2833,-15.8333,77.14,67,10,11.45,clear sky
172,Lebu,CL,-37.6167,-73.65,57.47,81,4,18.23,clear sky
173,Ahipara,NZ,-35.1667,173.1667,77.04,76,7,11.74,clear sky
174,Hualmay,PE,-11.0964,-77.6139,69.4,82,67,6.51,broken clouds
175,Bryan,US,30.6744,-96.37,49.82,49,0,4.61,clear sky
176,Saint George,US,37.1041,-113.5841,52.36,22,0,10.36,clear sky
177,Lieto,FI,60.5103,22.4618,30.7,99,12,3.44,few clouds
178,Necochea,AR,-38.5473,-58.7368,60.04,74,64,8.84,broken clouds
179,Bambous Virieux,MU,-20.3428,57.7575,83.21,69,40,9.22,scattered clouds
180,Riverton,US,40.5219,-111.9391,40.19,58,0,3.44,clear sky
181,Kargasok,RU,59.0556,80.8572,-5.49,95,33,6.51,scattered clouds
182,Juegang,CN,32.3174,121.1855,45.91,78,100,4.79,light rain
183,Castro,BR,-24.7911,-50.0119,60.66,97,73,8.14,broken clouds
184,Rockport,US,28.0206,-97.0544,54.0,82,0,5.75,clear sky
185,Isiro,CD,2.7739,27.616,72.9,35,52,2.71,broken clouds
186,Najran,SA,17.4924,44.1277,54.25,29,12,3.09,few clouds
187,Kiunga,PG,-6.1219,141.2906,87.93,67,90,1.21,overcast clouds
188,Tiksi,RU,71.6872,128.8694,-19.17,98,58,10.36,broken clouds
189,Narsaq,GL,60.9167,-46.05,3.42,67,26,11.01,scattered clouds
190,Mbandaka,CD,0.0487,18.2603,72.81,42,73,2.93,broken clouds
191,Marawi,PH,7.9986,124.2928,72.64,92,99,4.88,overcast clouds
192,Pevek,RU,69.7008,170.3133,-31.63,100,81,3.04,broken clouds
193,East London,ZA,-33.0153,27.9116,61.74,94,20,10.36,few clouds
194,Kishanpur,IN,25.65,81.0167,74.64,41,63,9.4,broken clouds
195,Sao Joao Da Ponte,BR,-15.9292,-44.0078,67.39,92,99,2.19,overcast clouds
196,Bethel,US,41.3712,-73.414,31.5,72,5,1.01,clear sky
197,Isla Vista,US,34.4133,-119.861,69.37,52,0,0.0,clear sky
198,Babu,CN,24.4167,111.5167,44.11,87,98,6.42,overcast clouds
199,Imbituba,BR,-28.24,-48.6703,71.49,91,16,6.71,few clouds
200,Dafeng,CN,23.4517,108.5881,46.0,84,100,5.19,overcast clouds
201,North Platte,US,41.1239,-100.7654,35.98,46,0,5.99,clear sky
202,Poum,NC,-20.2333,164.0167,81.32,88,100,29.12,overcast clouds
203,Wajir,KE,1.7471,40.0573,78.76,57,0,9.22,clear sky
204,Thinadhoo,MV,0.5333,72.9333,83.35,67,88,13.73,overcast clouds
205,Airai,TL,-8.9266,125.4092,68.72,85,100,2.44,light rain
206,Omboue,GA,-1.5746,9.2618,76.12,91,88,4.74,moderate rain
207,Dera Ghazi Khan,PK,30.0561,70.6348,67.01,38,0,5.73,clear sky
208,Sakakah,SA,29.9697,40.2064,47.77,35,0,8.03,clear sky
209,Krutikha,RU,53.9599,81.2093,4.84,84,8,8.52,clear sky
210,Port Macquarie,AU,-31.4333,152.9167,83.89,57,16,9.78,few clouds
211,Mana,GF,5.6592,-53.7767,75.74,87,48,4.18,scattered clouds
212,Bressanone,IT,46.715,11.656,51.46,73,9,3.0,clear sky
213,Sorland,NO,67.667,12.6934,33.87,59,99,30.58,overcast clouds
214,Imeni Babushkina,RU,59.7573,43.1285,25.43,97,100,4.54,overcast clouds
215,Dingle,PH,10.9995,122.6711,82.94,67,64,15.21,broken clouds
216,Alenquer,BR,-1.9417,-54.7383,75.54,98,100,1.83,overcast clouds
217,Nantucket,US,41.2835,-70.0995,35.71,69,0,21.85,clear sky
218,Arys,KZ,42.4252,68.795,39.42,64,74,5.79,broken clouds
219,Pierre,US,44.3683,-100.351,44.28,55,75,21.99,broken clouds
220,Ankang,CN,32.68,109.0172,48.18,42,33,1.3,scattered clouds
221,Khatanga,RU,71.9667,102.5,1.45,87,99,15.84,overcast clouds
222,Sisimiut,GL,66.9395,-53.6735,2.05,69,100,18.79,overcast clouds
223,Humaita,BR,-7.5061,-63.0208,73.74,98,100,3.0,light rain
224,Esil,KZ,51.9556,66.4042,16.32,87,85,13.6,overcast clouds
225,Makariv,UA,50.4641,29.8113,33.89,98,100,14.7,overcast clouds
226,Thompson,CA,55.7435,-97.8558,6.96,72,100,14.97,overcast clouds
227,Powell River,CA,49.8496,-124.5361,44.87,93,100,4.56,overcast clouds
228,Cabra,ES,37.4725,-4.4421,47.14,76,0,4.16,clear sky
229,Tasiilaq,GL,65.6145,-37.6368,21.36,68,100,9.28,overcast clouds
230,Kristiinankaupunki,FI,62.2743,21.376,28.38,91,6,11.77,clear sky
231,Dibulla,CO,11.2725,-73.3091,75.16,90,31,8.25,scattered clouds
232,Andra,RU,62.5147,65.8878,1.78,98,94,8.48,overcast clouds
233,Arlit,NE,18.7369,7.3853,61.88,11,0,7.2,clear sky
234,Alta Floresta,BR,-9.8756,-56.0861,71.29,97,100,1.66,overcast clouds
235,Vao,NC,-22.6667,167.4833,81.09,84,93,15.03,overcast clouds
236,Eureka,US,40.8021,-124.1637,45.79,73,29,3.91,scattered clouds
237,Kaliua,TZ,-5.0606,31.7936,68.83,88,96,2.98,overcast clouds
238,Gouyave,GD,12.1646,-61.7296,74.17,83,20,0.0,few clouds
239,Saint Anthony,US,45.0205,-93.218,37.42,82,100,14.97,overcast clouds
240,Hryshkivtsi,UA,49.9353,28.6038,34.12,93,100,16.64,overcast clouds
241,Vaitape,PF,-16.5167,-151.75,81.1,77,28,15.95,scattered clouds
242,Port Moresby,PG,-9.4431,147.1797,90.82,58,40,9.4,haze
243,Presque Isle,US,46.6811,-68.0159,30.18,94,100,10.36,snow
244,Prescott,US,34.54,-112.4685,47.89,27,0,4.61,clear sky
245,Sao Borja,BR,-28.6606,-56.0044,64.94,47,0,6.71,clear sky
246,Tuatapere,NZ,-46.1333,167.6833,64.81,78,100,2.98,overcast clouds
247,Kaeo,NZ,-35.1,173.7833,76.32,89,24,8.63,few clouds
248,Komsomolskiy,UZ,40.4272,71.7189,43.52,56,99,2.3,overcast clouds
249,Olafsvik,IS,64.8945,-23.7142,29.8,76,91,35.77,overcast clouds
250,Balkhash,KZ,46.844,74.9804,14.61,79,75,13.42,broken clouds
251,Roald,NO,62.5833,6.1333,40.33,81,40,34.52,scattered clouds
252,Yar-Sale,RU,66.8333,70.8333,1.26,94,98,16.04,overcast clouds
253,Hofn,IS,64.2539,-15.2082,29.7,64,97,16.15,overcast clouds
254,Iqaluit,CA,63.7506,-68.5145,-0.31,84,100,2.3,light snow
255,Chala,TZ,-7.5833,31.2667,62.67,88,99,1.34,overcast clouds
256,Lago Da Pedra,BR,-4.3333,-45.1667,72.01,99,31,3.76,scattered clouds
257,Usumatlan,GT,14.95,-89.7833,66.6,95,41,2.57,scattered clouds
258,Usinsk,RU,65.9939,57.5281,9.88,87,17,19.06,few clouds
259,Aykhal,RU,66.0,111.5,-10.59,87,98,3.31,overcast clouds
260,Staryy Nadym,RU,65.6118,72.6842,-0.67,94,82,15.3,broken clouds
261,Yenagoa,NG,4.9247,6.2642,75.58,92,14,2.42,few clouds
262,Buraydah,SA,26.326,43.975,48.65,30,0,10.69,clear sky
263,Santa Luzia,BR,-19.7697,-43.8514,70.14,94,75,0.0,broken clouds
264,Palmer,US,42.1584,-72.3287,31.21,64,20,10.36,few clouds
265,Bathsheba,BB,13.2167,-59.5167,74.01,78,75,5.75,broken clouds
266,Vila Velha,BR,-20.3297,-40.2925,77.95,88,75,9.22,broken clouds
267,Pacific Grove,US,36.6177,-121.9166,60.94,57,0,10.36,clear sky
268,Kruisfontein,ZA,-34.0033,24.7314,70.7,59,25,8.77,scattered clouds
269,Trinidad,BO,-14.8333,-64.9,70.34,82,100,3.06,overcast clouds
270,Inuvik,CA,68.3499,-133.7218,-35.54,67,20,6.91,few clouds
271,Kaitangata,NZ,-46.2817,169.8464,59.27,98,100,10.47,light rain
272,Panzhihua,CN,26.5851,101.7128,67.48,29,65,1.86,broken clouds
273,La Paz,BO,-16.5,-68.15,48.18,93,75,6.91,fog
274,Urumqi,CN,43.801,87.6005,9.55,79,68,2.24,mist
275,Ulundi,ZA,-28.3352,31.4162,77.58,58,0,3.22,clear sky
276,Middelburg,ZA,-25.7751,29.4648,70.07,54,53,5.44,broken clouds
277,Shimoda,JP,34.6667,138.95,46.76,63,99,13.49,overcast clouds
278,Samarai,PG,-10.6167,150.6667,82.89,75,62,7.25,broken clouds
279,Xingyi,CN,24.1877,102.817,63.95,30,6,16.87,clear sky
280,Seymchan,RU,62.8833,152.4333,-33.05,98,95,0.11,overcast clouds
281,Tomatlan,MX,19.9333,-105.25,61.5,56,0,2.68,clear sky
282,Whyalla,AU,-33.0333,137.5833,75.09,64,69,16.11,broken clouds
283,Gualaquiza,EC,-3.4,-78.55,59.9,98,77,1.34,broken clouds
284,Aklavik,CA,68.2191,-135.0107,-35.57,97,61,6.85,broken clouds
285,Namatanai,PG,-3.6667,152.4333,84.09,70,92,8.34,light rain
286,Goderich,CA,43.7501,-81.7165,24.91,74,53,9.22,broken clouds
287,Caravelas,BR,-17.7125,-39.2481,74.62,96,43,4.29,scattered clouds
288,Freeport,US,40.6576,-73.5832,33.76,68,0,11.5,clear sky
289,Malakal,SS,9.5334,31.6605,79.48,21,61,10.56,broken clouds
290,Ray,IN,23.6833,85.05,75.97,23,3,7.45,clear sky
291,Guantanamo,CU,20.1444,-75.2092,73.47,90,0,2.19,clear sky
292,Luwuk,ID,-0.9516,122.7875,84.96,72,100,0.16,overcast clouds
293,La Tuque,CA,47.4334,-72.7824,23.25,86,100,1.14,overcast clouds
294,Surt,LY,31.2089,16.5887,56.01,55,32,18.34,scattered clouds
295,Luderitz,NA,-26.6481,15.1594,73.94,56,25,10.89,scattered clouds
296,Hay River,CA,60.8156,-115.7999,-9.42,70,75,9.22,light snow
297,College,US,64.8569,-147.8028,-2.25,74,100,5.75,light snow
298,Kokopo,PG,-4.352,152.2633,84.83,67,56,11.36,broken clouds
299,Kyritz,DE,52.9421,12.397,48.85,84,100,16.15,overcast clouds
300,Salinas,US,36.6777,-121.6555,61.07,65,0,10.36,clear sky
301,Tessalit,ML,20.1986,1.0114,61.47,11,0,7.47,clear sky
302,Ca Mau,VN,9.1769,105.15,92.44,43,99,16.78,overcast clouds
303,Guatire,VE,10.4762,-66.5427,75.2,97,97,2.48,overcast clouds
304,Quatre Cocos,MU,-20.2078,57.7625,83.08,69,45,8.19,scattered clouds
305,Kavaratti,IN,10.5669,72.642,78.58,74,100,12.46,overcast clouds
306,Zhangye,CN,38.9342,100.4517,33.13,27,0,2.01,clear sky
307,Gohad,IN,26.4261,78.4447,66.94,54,74,8.48,broken clouds
308,Daye,CN,30.0833,114.95,39.99,87,100,4.03,overcast clouds
309,Alpena,US,45.0617,-83.4327,25.18,75,20,8.05,few clouds
310,Korla,CN,41.7597,86.1469,30.4,40,97,7.7,overcast clouds
311,Port-Cartier,CA,50.0334,-66.8654,25.75,96,100,8.41,light snow
312,Kenai,US,60.5544,-151.2583,19.45,76,0,18.41,clear sky
313,Saint-Augustin,CA,51.226,-58.6502,24.78,96,100,19.1,overcast clouds
314,Lesnoy,RU,57.6198,63.0784,14.13,94,94,7.78,overcast clouds
315,Leua,SK,48.2156,18.6071,44.44,89,100,7.78,overcast clouds
316,Jijiga,ET,9.35,42.8,66.6,25,37,7.2,scattered clouds
317,Qaanaaq,GL,77.484,-69.3632,-20.13,89,99,6.82,overcast clouds
318,Port-Gentil,GA,-0.7193,8.7815,76.96,94,100,3.44,thunderstorm with rain
319,Nopaltepec,MX,19.8,-98.7,52.68,71,18,2.28,few clouds
320,Hauterive,FR,46.0901,3.4459,36.36,70,22,4.72,few clouds
321,Evensk,RU,61.95,159.2333,-7.83,77,0,6.64,clear sky
322,Longyan,CN,25.1072,117.0225,54.27,96,100,0.29,overcast clouds
323,Mimoso Do Sul,BR,-21.0642,-41.3664,71.01,99,100,2.35,moderate rain
324,Nikolskoye,RU,59.7035,30.7861,33.87,96,100,6.44,overcast clouds
325,Kuloy,RU,61.0305,42.4925,16.27,98,93,3.98,overcast clouds
326,Gonen,TR,40.1049,27.654,40.01,49,96,15.32,overcast clouds
327,Simplicio Mendes,BR,-7.8539,-41.9103,76.6,71,92,1.36,overcast clouds
328,Porto Velho,BR,-8.7619,-63.9039,75.25,94,100,4.61,light intensity drizzle
329,Medina Del Campo,ES,41.3124,-4.9141,41.76,68,0,3.94,clear sky
330,Burnie,AU,-41.0667,145.9167,66.94,74,91,7.43,light rain
331,Dzhankoy,UA,45.7167,34.4,31.48,84,81,10.74,broken clouds
332,Brae,GB,60.3964,-1.353,37.31,68,56,36.55,broken clouds
333,Nokaneng,BW,-19.6667,22.2667,74.77,47,13,6.67,few clouds
334,Hami,CN,42.8,93.45,30.29,30,2,3.69,clear sky
335,Zunyi,CN,27.6867,106.9072,37.54,89,96,1.9,overcast clouds
336,Rawson,AR,-43.3002,-65.1023,62.46,72,56,11.34,broken clouds
337,Mihijam,IN,23.8526,86.8788,74.48,37,2,5.37,clear sky
338,Mehamn,NO,71.0357,27.8492,26.78,80,0,27.63,clear sky
339,Le Port,RE,-20.9373,55.2919,84.2,78,100,3.44,overcast clouds
340,Opuwo,NA,-18.0607,13.84,68.2,57,55,3.78,broken clouds
341,Makubetsu,JP,45.3714,141.8211,24.51,63,75,13.8,broken clouds
342,Koslan,RU,63.4564,48.8989,14.29,94,100,10.04,light snow
343,San Patricio,US,28.017,-97.5169,53.83,55,0,6.71,clear sky
344,Chippewa Falls,US,44.9369,-91.3929,38.34,81,100,13.8,overcast clouds
345,San Carlos De Bariloche,AR,-41.1456,-71.3082,49.75,71,0,4.61,clear sky
346,Alice Springs,AU,-23.7,133.8833,96.22,43,90,1.01,overcast clouds
347,Ostrovnoy,RU,68.0531,39.5131,18.46,88,93,21.21,overcast clouds
348,Severo-Kurilsk,RU,50.6789,156.125,31.28,95,100,18.92,light snow
349,Ngunguru,NZ,-35.6167,174.5,76.15,93,39,9.48,scattered clouds
350,Exu,BR,-7.5119,-39.7242,70.21,70,81,2.48,broken clouds
351,Riihimaki,FI,60.7377,24.7773,27.05,94,7,4.76,clear sky
352,Baculin,PH,7.4525,126.5842,78.53,90,100,4.85,overcast clouds
353,Broome,US,42.2506,-75.833,21.58,90,0,4.61,clear sky
354,Florence,IT,43.7667,11.25,47.1,91,0,1.14,clear sky
355,Buri,BR,-23.7975,-48.5928,65.01,87,67,9.08,broken clouds
356,Avanigadda,IN,16.0215,80.9181,84.34,53,67,11.27,broken clouds
357,Karimnagar,IN,18.4333,79.15,83.01,50,48,13.0,scattered clouds
358,Chicama,PE,-7.8447,-79.1469,71.35,72,100,3.78,overcast clouds
359,Bagdarin,RU,54.4333,113.6,8.53,81,100,2.42,overcast clouds
360,San Angelo,US,31.4638,-100.437,45.32,48,0,4.61,clear sky
361,Kodiak,US,57.79,-152.4072,20.71,79,100,12.66,snow
362,Bilibino,RU,68.0546,166.4372,-27.89,80,25,1.5,scattered clouds
363,Yulara,AU,-25.2406,130.9889,91.24,29,75,9.22,broken clouds
364,Bhadravati,IN,13.8667,75.7167,85.39,32,100,7.45,overcast clouds
365,Maragogi,BR,-9.0122,-35.2225,77.32,81,23,3.44,few clouds
366,Lancut,PL,50.0687,22.2291,40.55,92,0,11.5,clear sky
367,Champerico,GT,14.3,-91.9167,78.35,78,71,3.18,broken clouds
368,Bowen,AU,-20.0167,148.2333,82.62,63,25,11.1,scattered clouds
369,Tibati,CM,6.4667,12.6333,62.91,25,63,3.22,broken clouds
370,Kudahuvadhoo,MV,2.6708,72.8944,82.65,67,100,13.44,overcast clouds
371,Mezen,RU,65.8522,44.24,17.53,94,100,10.42,overcast clouds
372,Sawtell,AU,-30.3833,153.1,84.52,58,21,11.5,few clouds
373,Nosy Varika,MG,-20.5833,48.5333,80.74,85,80,8.59,light rain
374,Newport,GB,51.5877,-2.9984,50.25,88,100,1.99,overcast clouds
375,Lewistown,US,40.5992,-77.5714,25.9,96,0,0.0,clear sky
376,Sukhobezvodnoye,RU,57.0491,44.8891,26.92,97,99,5.93,overcast clouds
377,Pisco,PE,-13.7,-76.2167,69.03,88,0,1.14,clear sky
378,Los Llanos De Aridane,ES,28.6585,-17.9182,66.13,26,0,8.01,clear sky
379,Vilyuysk,RU,63.7553,121.6247,-26.7,92,98,1.14,overcast clouds
380,Hobyo,SO,5.3505,48.5268,79.66,62,4,24.4,clear sky
381,Kungurtug,RU,50.5994,97.5228,6.4,85,100,2.15,overcast clouds
382,Dabhol,IN,17.6,73.1667,78.31,47,24,9.53,few clouds
383,Razole,IN,16.4833,81.8333,79.09,50,37,8.59,scattered clouds
384,Litovko,RU,49.2361,135.1742,4.33,91,98,2.66,overcast clouds
385,Mahanoro,MG,-19.9,48.8,82.54,78,64,7.18,light rain
386,Ornskoldsvik,SE,63.2909,18.7153,25.75,86,20,9.22,few clouds
387,Puerto Baquerizo Moreno,EC,-0.9,-89.6,73.53,83,40,5.59,scattered clouds
388,Mineiros,BR,-17.5694,-52.5511,67.51,97,99,2.86,overcast clouds
389,Salalah,OM,17.0151,54.0924,71.69,18,0,17.27,clear sky
390,Manono,CD,-7.3,27.4167,71.51,93,100,2.17,overcast clouds
391,The Valley,AI,18.217,-63.0578,76.86,73,9,19.84,clear sky
392,Boa Vista,BR,2.8197,-60.6733,80.58,69,0,8.05,clear sky
393,Dandong,CN,40.1292,124.3947,36.07,51,88,6.38,overcast clouds
394,Husavik,IS,66.0449,-17.3389,28.31,89,100,20.54,snow
395,Kandrian,PG,-6.2167,149.55,86.47,69,82,9.04,light rain
396,Carballo,ES,43.213,-8.691,49.91,71,0,4.97,clear sky
397,Coihaique,CL,-45.5752,-72.0662,57.15,47,0,10.36,clear sky
398,Velizh,RU,55.6056,31.1967,31.87,98,100,8.3,light snow
399,Ambon,ID,-3.6954,128.1814,89.74,62,40,12.66,scattered clouds
400,Saint-Paul,RE,-21.0096,55.2707,84.31,78,100,1.61,overcast clouds
401,Sistranda,NO,63.7256,8.834,35.91,72,100,37.09,light rain
402,Nouadhibou,MR,20.931,-17.0347,64.38,72,16,9.22,few clouds
403,Martapura,ID,-3.4167,114.85,78.89,94,40,5.75,scattered clouds
404,Sesheke,ZM,-17.4759,24.2968,71.89,77,82,6.42,broken clouds
405,Prince Rupert,CA,54.3161,-130.3201,44.69,87,100,33.38,light rain
406,Vallenar,CL,-28.5708,-70.7581,65.32,75,11,2.35,few clouds
407,Nianzishan,CN,47.5167,122.8833,26.69,51,15,3.89,few clouds
408,Korem,ET,12.5058,39.5228,55.63,68,70,5.39,broken clouds
409,Vila Franca Do Campo,PT,37.7167,-25.4333,57.2,78,100,5.88,overcast clouds
410,Beloha,MG,-25.1667,45.05,81.55,66,77,12.17,broken clouds
411,Dombarovskiy,RU,50.7587,59.5386,10.62,98,91,4.07,overcast clouds
412,Indramayu,ID,-6.3264,108.32,84.27,73,100,13.91,overcast clouds
413,Vondrozo,MG,-22.8167,47.2833,79.27,72,36,1.57,scattered clouds
414,Sierra Vista,US,31.5545,-110.3037,51.22,22,0,3.44,clear sky
415,Trenggalek,ID,-8.05,111.7167,87.96,63,94,1.36,overcast clouds
416,Guerrero Negro,MX,27.9769,-114.0611,63.39,48,68,1.32,broken clouds
417,Penalva,BR,-3.2942,-45.1736,72.73,99,25,2.39,scattered clouds
418,Saldanha,ZA,-33.0117,17.9442,55.45,90,11,5.5,few clouds
419,Shiyan,CN,32.6475,110.7781,53.4,38,58,2.04,broken clouds
420,Dasoguz,TM,41.8363,59.9666,32.11,86,75,13.8,broken clouds
421,Bambanglipuro,ID,-7.95,110.2833,85.26,64,96,7.72,overcast clouds
422,Fairbanks,US,64.8378,-147.7164,-1.91,74,100,5.75,light snow
423,Kempele,FI,64.9131,25.5034,23.02,93,0,6.91,clear sky
424,Santa Maria,BR,-29.6842,-53.8069,59.16,84,0,5.99,clear sky
425,Price,US,39.5994,-110.8107,38.46,35,0,12.66,clear sky
426,Plettenberg Bay,ZA,-34.0527,23.3716,70.18,66,19,5.77,few clouds
427,Presidencia Roque Saenz Pena,AR,-26.7852,-60.4388,66.85,41,79,4.05,broken clouds
428,Suntar,RU,62.1444,117.6319,-11.79,87,100,3.24,overcast clouds
429,Korostyshiv,UA,50.3172,29.0563,35.06,91,99,15.1,overcast clouds
430,Harper,LR,4.375,-7.7169,77.86,88,40,7.25,light rain
431,Kozhva,RU,65.1073,57.0459,10.87,86,33,12.93,scattered clouds
432,Pekan,MY,3.4836,103.3996,80.71,80,97,7.54,moderate rain
433,San Ramon,US,37.7799,-121.978,61.23,64,0,4.61,clear sky
434,Lishui,CN,28.4604,119.9103,44.13,96,100,2.26,overcast clouds
435,Havre-Saint-Pierre,CA,50.2334,-63.5986,27.19,93,100,21.85,overcast clouds
436,Gat,IL,31.61,34.7642,59.4,100,3,7.63,clear sky
437,Bairiki,KI,1.3292,172.9752,86.0,84,20,10.36,light rain
438,Sobolevo,RU,54.4299,31.8996,28.71,98,99,6.96,light snow
439,Barcelos,PT,41.5388,-8.6151,50.14,67,0,5.06,clear sky
440,Aiken,US,33.5835,-81.5998,39.49,100,0,0.0,clear sky
441,Kununurra,AU,-15.7667,128.7333,93.18,55,100,10.36,overcast clouds
442,Grand Gaube,MU,-20.0064,57.6608,83.37,65,72,8.99,broken clouds
443,Isangel,VU,-19.55,169.2667,78.91,78,100,2.3,heavy intensity rain
444,Pemangkat,ID,1.1667,108.9667,82.72,76,91,9.4,overcast clouds
445,Buluang,PH,13.3068,123.3425,86.54,52,85,5.61,overcast clouds
446,Kutum,SD,14.2,24.6667,57.67,18,0,4.74,clear sky
447,Lunavada,IN,23.1333,73.6167,77.25,37,47,5.64,scattered clouds
448,Krasnoye,UA,49.9145,24.6134,36.75,91,75,13.71,broken clouds
449,Aksarka,RU,66.5606,67.7975,-3.03,97,100,14.0,overcast clouds
450,Tarko-Sale,RU,64.9225,77.785,-5.85,86,79,12.53,broken clouds
451,Maceio,BR,-9.6658,-35.7353,74.64,88,20,4.61,few clouds
452,Shenzhen,CN,22.5455,114.0683,66.07,84,91,2.77,overcast clouds
453,Collie,AU,-33.3667,116.15,86.14,19,1,4.79,clear sky
454,Pangkalanbuun,ID,-2.6833,111.6167,76.69,93,100,1.95,overcast clouds
455,Midland,US,31.9974,-102.0779,50.49,33,0,13.8,clear sky
456,Ginda,IN,30.6945,78.4932,40.17,49,100,4.27,overcast clouds
457,Bountiful,US,40.8894,-111.8808,40.32,59,0,0.0,clear sky
458,Tupiza,BO,-21.45,-65.7167,53.55,81,100,5.14,overcast clouds
459,Rocha,UY,-34.4833,-54.3333,57.11,87,0,1.48,clear sky
460,Noumea,NC,-22.2763,166.4572,84.0,99,99,13.38,overcast clouds
461,Yuzha,RU,56.5831,42.0122,23.99,94,99,6.44,overcast clouds
462,Black Diamond,US,47.3087,-122.0032,45.75,88,90,1.01,overcast clouds
463,Praia,CV,14.9215,-23.5087,66.74,77,0,8.05,clear sky
464,Kismayo,SO,-0.3582,42.5454,81.54,71,99,19.6,overcast clouds
465,Lazaro Cardenas,MX,17.9583,-102.2,71.83,84,1,3.56,clear sky
466,San Cristobal,VE,7.7669,-72.225,69.98,89,78,1.12,broken clouds
467,Pozo Colorado,PY,-23.4923,-58.7972,67.62,45,15,2.71,few clouds
468,Slave Lake,CA,55.2834,-114.769,39.18,60,100,14.97,overcast clouds
469,Dalvik,IS,65.9702,-18.5286,28.33,95,100,16.58,snow
470,Wattegama,LK,6.7989,81.4808,85.12,63,100,10.33,overcast clouds
471,Toora-Khem,RU,52.4675,96.11,5.76,84,100,3.13,overcast clouds
472,Orlik,RU,52.5178,99.825,0.93,87,100,4.07,overcast clouds
473,Mantua,IT,45.1667,10.7833,42.82,60,25,3.22,scattered clouds
474,Qinzhou,CN,21.95,108.6167,48.4,81,100,14.34,overcast clouds
475,Pangody,RU,65.85,74.4859,-2.36,92,75,14.85,broken clouds
476,Beira,MZ,-19.8436,34.8389,77.09,88,20,4.61,few clouds
477,Aksay,RU,47.26,39.87,39.42,80,100,8.99,overcast clouds
478,Lumsden,CA,50.6501,-104.8678,29.48,95,61,10.94,broken clouds
479,Hemsedal,NO,60.8629,8.5534,34.32,90,93,12.41,light snow
480,Acajutla,SV,13.5928,-89.8275,74.7,67,15,7.83,few clouds
481,Zhigansk,RU,66.7697,123.3711,-32.51,97,92,5.61,overcast clouds
482,Kautokeino,NO,69.0125,23.0412,7.0,98,99,9.86,overcast clouds
483,Sambava,MG,-14.2667,50.1667,82.36,71,24,2.13,few clouds
484,Lieksa,FI,63.3167,30.0167,27.01,95,100,8.32,overcast clouds
485,Pimenta Bueno,BR,-11.6725,-61.1936,72.0,98,97,0.92,very heavy rain
486,Cheremkhovo,RU,53.1561,103.0675,1.09,89,99,13.09,overcast clouds
487,Harer,ET,9.3094,42.1258,67.51,33,37,1.74,scattered clouds
488,Hachinohe,JP,40.5,141.5,34.83,52,79,10.0,broken clouds
489,Oksfjord,NO,70.2396,22.3479,27.52,81,92,10.51,overcast clouds
490,Omsukchan,RU,62.5333,155.8,-20.25,76,61,2.95,broken clouds
491,Rorvik,NO,64.8621,11.2373,35.71,93,75,21.85,broken clouds
492,Gannan,CN,47.9147,123.5031,21.69,73,30,2.82,scattered clouds
493,Lovozero,RU,68.005,35.0117,11.17,91,68,8.39,broken clouds
494,Skjervoy,NO,70.0311,20.9714,26.6,66,100,14.47,overcast clouds
495,Guaruja,BR,-23.9931,-46.2564,76.15,26,23,6.42,few clouds
496,Nome,US,64.5011,-165.4064,-0.33,71,100,13.8,light snow
497,Dali,CN,25.7,100.1833,56.21,27,31,8.79,scattered clouds
498,Samfya,ZM,-11.3649,29.5565,64.85,97,100,3.36,moderate rain
499,Storforshei,NO,66.4043,14.5233,32.67,92,75,2.3,light snow
500,Tokonou,GN,9.65,-9.7833,66.38,25,14,2.19,few clouds
501,Udachnyy,RU,66.4167,112.4,-8.55,76,95,2.93,overcast clouds
502,Joao Camara,BR,-5.5375,-35.8197,74.44,83,51,4.32,broken clouds
503,Ivdel,RU,60.6911,60.4206,1.87,95,98,3.24,overcast clouds
504,Umm Bab,QA,25.2142,50.8072,58.68,61,0,15.52,clear sky
505,Moranbah,AU,-22.0016,148.0466,89.8,30,45,5.37,scattered clouds
506,Lengshuitan,CN,26.4111,111.5956,42.62,75,92,4.56,overcast clouds
507,Kumluca,TR,36.3703,30.2869,46.67,67,86,3.4,overcast clouds
508,Oussouye,SN,12.485,-16.5469,66.29,62,1,4.05,clear sky
509,Tocopilla,CL,-22.092,-70.1979,67.86,73,2,4.03,clear sky
510,Srednekolymsk,RU,67.45,153.6833,-39.21,98,57,4.45,broken clouds
511,Nurota,UZ,40.5614,65.6886,41.09,44,41,8.5,scattered clouds
512,Marystown,CA,47.1666,-55.1483,37.85,100,100,13.0,overcast clouds
513,Seoul,KR,37.5683,126.9778,47.71,25,0,4.61,clear sky
514,Klaksvik,FO,62.2266,-6.589,36.52,75,86,43.71,overcast clouds
515,Aksum,ET,14.1245,38.7244,64.56,48,32,3.53,scattered clouds
516,Quesnel,CA,52.9999,-122.5029,39.7,87,100,8.05,overcast clouds
517,Olga,RU,43.7444,135.2892,31.59,42,6,3.83,clear sky
518,Porosozero,RU,62.7191,32.727,23.05,96,100,8.05,snow
519,Lincoln,US,40.8,-96.667,43.34,36,0,9.22,clear sky
520,Mayo,US,38.8876,-76.5119,33.24,75,0,1.99,mist
521,Lo Arado,MX,19.6167,-104.5833,60.66,54,0,3.76,clear sky
522,Mokhsogollokh,RU,61.4681,128.9203,-13.2,92,96,0.98,overcast clouds
523,Kapoeta,SS,4.7717,33.5903,86.05,27,24,19.62,few clouds
524,Wellington,NZ,-41.2866,174.7756,76.77,82,100,11.5,overcast clouds
525,Penzance,GB,50.1186,-5.5371,49.21,83,100,16.13,overcast clouds
526,Camana,PE,-16.6228,-72.7111,69.39,80,95,3.94,overcast clouds
527,Lasa,IT,46.6166,10.7002,31.37,34,8,4.07,clear sky
528,La Rioja,ES,42.25,-2.5,33.12,58,2,5.28,clear sky
529,Chenghai,CN,23.4632,116.768,64.31,63,75,4.47,broken clouds
530,Strezhevoy,RU,60.7333,77.5889,-9.02,94,15,7.0,few clouds
531,Nador,MA,35.174,-2.9287,57.45,77,75,6.91,broken clouds
532,Kelvington,CA,52.1667,-103.5343,26.26,96,89,11.27,overcast clouds
533,Vaxjo,SE,56.8777,14.8091,37.8,96,75,9.22,broken clouds
534,Dawei,MM,14.0833,98.2,91.8,37,49,10.87,scattered clouds
535,Hamilton,US,39.1834,-84.5333,42.31,67,0,11.5,clear sky
536,Padang,ID,-0.9492,100.3543,87.85,58,93,4.68,overcast clouds
537,Kez,RU,57.8979,53.7152,13.57,94,100,8.7,light snow
538,Pedernales,DO,18.0384,-71.744,75.83,76,11,4.25,few clouds
539,Khromtau,KZ,50.2503,58.4347,10.49,96,91,5.28,overcast clouds
540,Pangnirtung,CA,66.1451,-65.7125,-8.19,97,100,4.23,overcast clouds
541,Tokur,RU,53.1333,132.9,4.08,78,50,0.94,scattered clouds
542,La Plata,AR,-34.9215,-57.9545,68.99,74,25,7.14,scattered clouds
543,Mae Sai,TH,20.4335,99.8762,82.89,29,8,3.33,clear sky
544,Candolim,IN,15.5181,73.7626,77.0,61,20,5.75,few clouds
545,San Pedro,PH,14.35,121.0167,90.63,56,40,10.36,scattered clouds
546,Chapais,CA,49.7834,-74.8492,17.38,99,100,2.86,overcast clouds
547,Bereda,ES,43.2686,-7.5406,40.87,84,0,1.81,clear sky
548,Leshukonskoye,RU,64.8989,45.7622,15.08,94,99,9.31,overcast clouds
549,Guarapari,BR,-20.6667,-40.4975,76.89,96,100,11.27,moderate rain
550,Isoka,ZM,-10.1606,32.6335,66.29,92,100,3.4,light rain
551,Yerbogachen,RU,61.2767,108.0108,-10.37,93,100,3.91,overcast clouds
552,Jesup,US,31.6074,-81.8854,41.68,93,0,0.0,mist
553,Mollendo,PE,-17.0231,-72.0147,68.23,82,85,2.08,overcast clouds
554,Vila,PT,42.0304,-8.1588,38.28,66,0,3.98,clear sky
555,Okha,RU,53.5739,142.9478,19.78,93,100,12.28,light snow
556,Pismo Beach,US,35.1428,-120.6413,62.64,48,44,10.0,scattered clouds
557,Amapa,BR,1.0,-52.0,70.43,100,95,2.3,overcast clouds
558,Cairns,AU,-16.9167,145.7667,89.11,58,100,11.5,overcast clouds
559,Wad Rawah,SD,15.1603,33.1397,73.31,30,9,12.84,clear sky
560,Verkhnevilyuysk,RU,63.4453,120.3167,-21.57,91,99,0.81,overcast clouds
561,Mhango,TZ,-3.2833,32.85,69.84,77,66,5.1,broken clouds
562,Gulu,UG,2.7746,32.299,78.71,27,69,5.23,broken clouds
563,Tilichiki,RU,60.4667,166.1,-15.97,88,4,8.14,clear sky
564,Tahoua,NE,14.8888,5.2692,66.18,7,0,12.66,clear sky
565,Touros,BR,-5.1989,-35.4608,76.1,72,50,8.34,scattered clouds
566,Petropavlovsk-Kamchatskiy,RU,53.0452,158.6483,27.19,69,75,4.47,broken clouds
567,Oktyabrskoye,RU,43.0645,44.7417,28.54,93,40,2.24,scattered clouds
568,Sai Buri,TH,6.7013,101.6168,83.91,66,78,12.71,broken clouds
569,Canby,US,45.2629,-122.6926,47.43,90,93,3.0,overcast clouds
570,Talcahuano,CL,-36.7167,-73.1167,58.68,72,0,13.8,clear sky
571,Acarau,BR,-2.8856,-40.12,78.12,82,33,7.14,scattered clouds
572,Fort Nelson,CA,58.8053,-122.7002,4.59,85,75,5.75,broken clouds
573,Krasnoselkup,RU,65.7,82.4667,-8.61,87,57,11.48,broken clouds
574,Tamiahua,MX,21.2667,-97.45,54.1,75,0,4.12,clear sky
575,Ambilobe,MG,-13.2,49.05,78.03,88,93,3.89,moderate rain
576,Coxim,BR,-18.5067,-54.76,69.75,70,90,3.65,overcast clouds
577,Pioner,RU,55.3166,85.9508,4.44,65,0,13.42,clear sky
578,Zemio,CF,5.0314,25.1361,73.98,21,34,3.62,scattered clouds
579,Palora,EC,-1.7,-77.9333,63.97,94,97,1.28,overcast clouds
580,Svetlogorsk,BY,52.6333,29.7333,34.97,89,100,13.6,overcast clouds
581,Ajdabiya,LY,30.7554,20.2263,52.2,58,33,11.43,scattered clouds
582,Kasongo-Lunda,CD,-6.4667,16.8167,70.23,94,97,0.76,overcast clouds
583,Sangar,RU,63.9242,127.4739,-21.48,96,100,2.28,overcast clouds
584,Kiama,AU,-34.6833,150.8667,90.0,54,19,5.99,few clouds
585,Haines Junction,CA,60.7522,-137.5108,17.42,98,41,2.75,scattered clouds
586,Ketchikan,US,55.3422,-131.6461,44.58,98,100,6.58,light rain
587,Tiznit,MA,29.5833,-9.5,58.32,30,4,9.33,clear sky
588,Kargil,IN,34.5667,76.1,5.59,81,100,0.83,overcast clouds
589,Waingapu,ID,-9.6567,120.2641,85.1,70,99,2.71,overcast clouds
590,Zamora,EC,-4.0692,-78.9567,64.54,99,93,2.1,overcast clouds
591,Micheweni,TZ,-4.9667,39.8333,81.23,73,78,14.09,broken clouds
592,Vrangel,RU,42.7297,133.0839,30.09,52,6,8.32,clear sky
593,Denpasar,ID,-8.65,115.2167,82.06,83,75,4.61,broken clouds
594,Lake Cowichan,CA,48.825,-124.0546,42.98,98,100,2.3,overcast clouds
595,Awbari,LY,26.5921,12.7805,45.45,81,0,8.14,clear sky
596,Imeni Morozova,RU,59.9757,31.0376,33.85,97,100,5.08,overcast clouds
597,Alyangula,AU,-13.8483,136.4192,85.87,84,75,5.75,broken clouds
598,Brainerd,US,46.358,-94.2008,35.89,80,100,13.8,overcast clouds
599,Muisne,EC,0.6,-80.0333,75.09,89,98,2.48,light rain
600,Manzhouli,CN,49.6,117.4333,9.05,84,95,7.25,overcast clouds
601,Antofagasta,CL,-23.65,-70.4,63.68,80,21,4.56,few clouds
602,Nevelsk,RU,46.6733,141.8633,23.43,69,100,14.81,overcast clouds
603,Hambantota,LK,6.1241,81.1185,86.34,66,40,10.36,scattered clouds
604,Bakel,SN,14.905,-12.4568,69.15,11,0,9.57,clear sky
605,Inhambane,MZ,-23.865,35.3833,76.98,88,20,4.61,few clouds
606,Oxelosund,SE,58.6706,17.1015,37.33,87,0,13.8,clear sky
607,Pointe Michel,DM,15.25,-61.3833,76.98,73,43,12.01,scattered clouds
608,Muroto,JP,33.2833,134.15,53.64,57,8,7.76,clear sky
609,Avera,US,33.194,-82.5271,36.72,68,4,3.51,clear sky
610,Qaqortoq,GL,60.7167,-46.0333,-4.36,72,16,9.89,few clouds
611,Shawville,CA,45.6001,-76.4827,18.25,99,59,2.28,broken clouds
612,Terrace,CA,54.5163,-128.6035,39.11,93,100,11.5,light rain
613,Andenes,NO,69.3143,16.1194,33.78,80,75,24.16,broken clouds
614,Muhos,FI,64.808,25.9931,22.78,95,62,6.8,broken clouds
615,Cananeia,BR,-25.0147,-47.9267,71.55,86,91,4.0,overcast clouds
616,Kalabo,ZM,-14.97,22.6814,68.23,92,100,5.91,overcast clouds
617,Mount Gambier,AU,-37.8333,140.7667,75.11,41,40,18.41,scattered clouds
618,Okoneshnikovo,RU,54.8377,75.0834,1.18,95,63,8.81,broken clouds
619,Axim,GH,4.8699,-2.2405,76.89,92,74,4.18,broken clouds
620,Paso De Los Toros,UY,-32.8167,-56.5167,61.23,75,0,8.99,clear sky
621,Altay,CN,47.8667,88.1167,14.02,76,100,2.37,overcast clouds
622,Daru,PG,-9.0763,143.2092,84.18,76,83,5.88,broken clouds
623,Visnes,NO,59.3556,5.2242,42.85,81,20,26.46,few clouds
624,Tweed,CA,44.4751,-77.3162,25.34,88,30,1.5,scattered clouds
625,Roebourne,AU,-20.7833,117.1333,91.11,55,12,13.35,few clouds
626,Dawlatabad,AF,36.4141,64.9053,48.31,44,27,6.98,scattered clouds
627,Long Beach,US,33.767,-118.1892,73.24,35,100,3.47,overcast clouds
628,Maloyaroslavets,RU,55.0146,36.4719,26.69,99,100,4.7,overcast clouds
629,Turinsk,RU,58.0458,63.696,13.21,93,94,8.48,overcast clouds
630,Usak,TR,38.5,29.4167,32.4,81,100,17.38,overcast clouds
631,Te Anau,NZ,-45.4167,167.7167,63.99,97,100,0.94,light rain
632,Turayf,SA,31.6725,38.6637,43.05,61,0,9.22,clear sky
633,Henties Bay,NA,-22.116,14.2845,67.86,90,60,6.29,broken clouds
634,Casa Grande,US,32.8795,-111.7573,61.18,27,1,4.05,clear sky
635,Kharp,RU,66.8014,65.8081,-7.85,99,100,5.1,overcast clouds
636,Taltal,CL,-25.4,-70.4833,64.58,84,4,1.21,clear sky
637,Sarai Mir,IN,26.0167,82.9167,64.38,51,4,9.6,clear sky
638,Zherdevka,RU,51.8486,41.4606,31.75,100,100,2.82,snow
639,Mustasaari,FI,63.1142,21.6822,26.89,86,0,8.05,clear sky
640,Ingham,US,42.6,-84.3833,33.75,74,0,5.75,clear sky
641,Zhezkazgan,KZ,47.8043,67.7144,22.98,93,100,8.95,overcast clouds
642,Kamenka,RU,51.3223,42.7678,32.76,99,100,11.72,snow
643,Vanimo,PG,-2.6741,141.3028,84.92,69,30,5.35,scattered clouds
644,Shambu,ET,9.5667,37.1,59.32,55,96,1.97,overcast clouds
645,Nova Odesa,UA,47.3078,31.7851,28.8,84,98,10.67,overcast clouds
646,Copiapo,CL,-27.3667,-70.3333,63.88,78,0,1.77,clear sky
647,Wanning,CN,18.8003,110.3967,75.6,82,55,10.87,broken clouds
648,Timbiqui,CO,2.7717,-77.6654,71.89,95,83,3.33,broken clouds
649,Kendari,ID,-3.945,122.4989,84.07,72,100,4.12,overcast clouds
650,Nyurba,RU,63.2842,118.3319,-14.85,91,100,2.46,overcast clouds
651,Garowe,SO,8.4054,48.4845,71.38,60,4,16.55,clear sky
652,Meadow Lake,US,34.8014,-106.5436,41.32,49,32,5.26,scattered clouds
653,Elista,RU,46.3078,44.2558,36.12,100,75,18.01,light rain
654,Emba,KZ,48.8264,58.1442,13.87,96,95,1.86,overcast clouds
655,Ulaangom,MN,49.9811,92.0667,-12.73,93,89,4.21,overcast clouds
656,Pella,RU,59.7775,30.8181,33.87,96,100,6.26,overcast clouds
657,Mitu,CO,1.1983,-70.1733,70.34,99,98,0.58,very heavy rain
658,Port Keats,AU,-14.25,129.55,87.84,69,43,9.75,scattered clouds
659,Flin Flon,CA,54.7682,-101.865,5.49,91,100,9.35,overcast clouds
660,Puro,PH,12.4841,123.3827,83.34,63,84,14.92,broken clouds
661,Nueva Helvecia,UY,-34.3,-57.2333,61.59,90,2,7.49,clear sky
662,Kangaatsiaq,GL,68.3065,-53.4641,-3.69,71,100,18.9,overcast clouds
663,Abu Kamal,SY,34.4506,40.9171,56.98,34,78,9.98,broken clouds
664,Agnibilekrou,CI,7.1344,-3.2047,66.56,96,20,1.28,few clouds
665,Zabol,AF,32.25,67.25,38.62,46,0,10.65,clear sky
666,Ugoofaaru,MV,5.6667,73.0,81.05,71,98,13.13,overcast clouds
667,Ostersund,SE,63.1792,14.6357,28.85,64,0,10.36,clear sky
668,Anzio,IT,41.4853,12.6179,45.45,41,0,6.85,clear sky
669,Tual,ID,-5.6667,132.75,83.07,75,92,9.48,light rain
670,Tamandare,BR,-8.7597,-35.1047,77.31,81,22,2.33,few clouds
671,Cachoeira,BR,-12.6183,-38.9558,72.34,96,32,1.14,scattered clouds
672,Nanyamba,TZ,-10.6833,39.8333,76.68,89,99,7.87,overcast clouds
673,White Rock,CA,49.0164,-122.8026,45.64,97,100,2.3,overcast clouds
674,Taseyevo,RU,57.2169,94.8978,-3.77,83,29,3.2,scattered clouds
675,Alindao,CF,5.0267,21.2088,72.34,28,62,4.59,broken clouds
676,Black River,JM,18.0264,-77.8487,73.4,88,12,3.96,few clouds
677,Kande,TG,9.9578,1.0447,69.35,20,28,2.55,scattered clouds
678,Payo,ID,-3.7508,103.6372,82.06,71,98,2.24,overcast clouds
679,Cockburn Town,TC,21.4612,-71.1419,77.2,78,1,20.78,clear sky
680,Bako,ET,5.7833,36.5667,77.79,31,70,1.23,broken clouds
681,Camacari,BR,-12.6975,-38.3242,80.37,90,8,2.64,clear sky
682,Sao Felix Do Xingu,BR,-6.6447,-51.995,70.23,98,98,0.87,overcast clouds
683,Riviere-Du-Loup,CA,47.8304,-69.5342,25.68,93,100,10.36,light snow
684,Huruta,ET,8.15,39.35,64.38,44,70,7.14,broken clouds
685,Saint-Denis,FR,48.9167,2.3333,41.68,94,41,2.3,mist
686,Lethem,GY,3.3803,-59.7968,77.16,72,99,9.22,overcast clouds
687,Namwala,ZM,-15.7504,26.4384,66.94,96,100,1.5,overcast clouds
688,Ryazanovskiy,RU,55.55,39.4333,22.91,92,100,3.71,snow
689,Nara,JP,34.6851,135.8049,51.96,32,40,7.09,scattered clouds
690,Lakkion,GR,37.1333,26.85,44.1,68,92,37.42,overcast clouds
691,Lianran,CN,24.9227,102.485,63.23,24,3,14.32,clear sky
692,Billings,US,45.7833,-108.5007,45.93,43,98,3.0,overcast clouds
693,Chabahar,IR,25.2919,60.643,72.55,33,0,14.5,clear sky
694,Okhotsk,RU,59.3833,143.3,13.46,82,100,7.43,overcast clouds
695,Lorengau,PG,-2.0226,147.2712,84.33,72,90,6.8,light rain
696,Nalut,LY,30.3333,10.85,45.59,83,9,15.35,clear sky
697,Laguna,US,38.421,-121.4238,57.88,82,0,5.75,clear sky
698,Mahenge,TZ,-8.6833,36.7167,65.17,98,100,1.79,light rain
699,Howard Springs,AU,-12.497,131.047,92.88,72,97,8.81,overcast clouds
700,Encrucijada,CU,22.6169,-79.8711,70.59,89,56,4.27,broken clouds
701,Ambositra,MG,-20.5167,47.25,73.99,75,91,1.5,overcast clouds
702,Batemans Bay,AU,-35.7167,150.1833,88.99,52,33,6.93,scattered clouds
703,San Rafael,AR,-34.6177,-68.3301,75.07,31,47,9.37,scattered clouds
704,Alamos,MX,27.0167,-108.9333,52.72,30,3,3.6,clear sky
705,Bayanday,RU,53.0661,105.5139,6.08,85,99,1.81,overcast clouds
706,Miyako,JP,39.6367,141.9525,39.09,47,17,2.57,few clouds
707,Ipixuna,BR,-1.7625,-48.8043,76.95,98,99,2.64,overcast clouds
708,Ndjole,GA,-0.1783,10.7649,74.88,96,63,0.51,broken clouds
709,Montrose,US,38.4166,-108.2673,25.14,49,1,1.9,clear sky
710,Norden,DE,53.6,7.2,48.9,85,100,22.82,overcast clouds
711,Bonavista,CA,48.6499,-53.1147,34.12,96,100,33.33,snow
712,Maryborough,AU,-25.5333,152.7,82.81,46,31,11.16,scattered clouds
713,Challapata,BO,-18.9,-66.7667,45.34,81,46,6.87,scattered clouds
714,Yamada,JP,39.4667,141.95,37.87,50,26,3.36,scattered clouds
715,Magadan,RU,59.5667,150.8,9.54,75,100,5.53,overcast clouds
716,Kerema,PG,-7.9631,145.7785,85.17,71,97,6.89,overcast clouds
717,Bogale,MM,16.2833,95.4,89.22,17,83,6.4,broken clouds
718,Myaundzha,RU,63.0494,147.1858,-20.45,87,34,2.01,scattered clouds
719,Senno,RU,59.5336,33.9167,20.53,97,97,3.98,snow
720,Aranda De Duero,ES,41.6704,-3.6892,38.46,69,0,4.03,clear sky
721,Ulaanbaatar,MN,47.9077,106.8832,11.07,85,95,4.16,overcast clouds
722,Launceston,AU,-41.45,147.1667,73.04,52,100,17.27,overcast clouds
723,Chegdomyn,RU,51.1167,133.0167,3.99,84,100,1.48,overcast clouds
